,age_band,min_age,max_age,cases,deaths,deaths_per_case,entity
0,0 to 17,0.0,17.0,3711,6,0.0016168148746968471,New York
1,18 to 44,18.0,44.0,59684,507,0.008494738958514846,New York
2,45 to 64,45.0,64.0,59715,2803,0.04693962990873315,New York
3,65 to 74,65.0,74.0,20273,3101,0.15296206777487298,New York
4,75+,75.0,200.0,18506,6152,0.33243272452177675,New York
