,nyc_age_band,min_age,max_age,cases,deaths,deaths_per_case
0,0 to 17,0.0,17.0,3711,6,0.0016168148746968471
1,18 to 44,18.0,44.0,59684,507,0.008494738958514846
2,45 to 64,45.0,64.0,59715,2803,0.04693962990873315
3,65 to 74,65.0,74.0,20273,3101,0.15296206777487298
4,75+,75.0,200.0,18506,6152,0.33243272452177675
